{
  "status": "no_valid_forward_gait",
  "amplitude": null,
  "frequency_hz": null,
  "spatial_phase_pi": null,
  "temporal_direction": null,
  "steering_bias": [
    0.0,
    0.0
  ],
  "top_k": 0,
  "best": null,
  "diagnostic_best": {
    "candidate": 31,
    "amplitude": 0.3705514072810442,
    "frequency_hz": 0.4796688031797109,
    "spatial_phase_pi": 0.9892631886049398,
    "direction": -1.0,
    "score": -100.00868709927046,
    "valid_gait": false,
    "forward_speed_lbm_s": -0.005495930284502388,
    "lateral_speed_lbm_s": -0.06907794595289704,
    "yaw_rate_deg_s": 0.29569278626392276,
    "com_forward_displacement_lbm": 0.5245513916015625,
    "com_lateral_displacement_lbm": -2.099761962890625,
    "mean_joint_pp_deg": 25.33696937561035,
    "tail_joint_pp_deg": 49.84490966796875,
    "mean_action_sq": 0.027498754598200323,
    "joint_saturation_fraction": 0.0,
    "executed_steps": 800,
    "terminated_early": false
  },
  "samples": 32,
  "valid_gaits": 0,
  "scan_preset": "fast",
  "control_steps": 800,
  "per_frame_steps": 2,
  "settle_seconds": 6.0,
  "fit_seconds": 10.0,
  "elapsed_seconds": 230.53001580003183
}